PDB_ID,PDB_LINK,RELEASE_DATE,AF3_DIMERS_DOCKQ_SCORE,AF3_DIMERS_iRMSD,AF3_DIMERS_LRMSD,AF3_CONTEXT_DOCKQ_SCORE,AF3_CONTEXT_iRMSD,AF3_CONTEXT_LRMSD
5HXB,5HXB,2016-06-29,0.84,0.848,2.165,0.027,12.608,42.404
5T35,5T35,2017-03-08,0.014,12.765,49.502,0.019,16.143,37.396
6BOY,6BOY,2018-05-30,0.02,11.618,40.27,0.021,11.201,38.396
6HAX,6HAX,2019-06-12,0.019,10.682,43.182,0.05,9.364,22.506
6HAY,6HAY,2019-06-12,0.058,10.153,26.116,0.055,8.603,21.415
6HR2,6HR2,2019-06-12,0.208,3.518,13.64,0.042,6.657,29.043
6BN7,6BN7,2018-05-30,0.022,10.621,38.038,0.023,10.639,37.781
6W7O,6W7O,2020-11-18,0.022,11.943,36.769,0.022,11.943,36.769
6W8I,6W8I,2020-11-18,0.064,12.388,22.726,0.064,12.388,22.726
6XK9,6XK9,2020-12-02,0.839,0.911,2.715,0.039,11.695,42.135
6ZHC,6ZHC,2020-08-05,0.008,16.003,71.523,0.008,19.652,61.963
7JTO,7JTO,2021-10-06,0.042,8.553,25.984,0.042,6.015,31.254
7JTP,7JTP,2021-10-06,0.05,7.713,23.834,0.036,9.321,28.099
7KHH,7KHH,2021-02-24,0.628,1.517,7.5,0.585,1.596,8.463
7LPS,7LPS,2021-06-02,0.171,5.806,10.913,0.171,6.094,11.645
7PI4,7PI4,2021-09-29,0.02,8.292,49.088,0.023,7.763,45.809
7Q2J,7Q2J,2021-11-24,0.032,6.57,38.845,0.034,6.747,35.757
7S4E,7S4E,2022-10-05,0.03,11.47,30.271,0.013,14.513,50.656
7Z6L,7Z6L,2022-09-07,0.035,8.493,29.781,0.043,14.234,23.17
7ZNT,7ZNT,2022-09-14,0.047,12.729,22.382,0.009,17.437,58.961
8BB2,8BB2,2022-11-09,0.042,6.134,30.889,0.045,6.443,28.242
8BB3,8BB3,2022-11-09,0.044,5.374,33.684,0.038,6.201,33.675
8BB4,8BB4,2022-11-09,0.084,5.477,18.097,0.071,5.36,20.95
8BB5,8BB5,2022-11-09,0.044,5.545,32.415,0.016,9.287,55.78
8BDS,8BDS,2023-02-15,0.588,1.72,7.993,0.652,1.552,6.862
8BDT,8BDT,2023-02-15,0.053,12.26,20.647,0.051,12.101,21.211
8BDX,8BDX,2023-02-15,0.015,10.197,54.896,0.011,20.237,50.966
8BEB,8BEB,2023-02-15,0.528,1.769,10.41,0.612,1.677,9.399