PDB_ID,PDB_LINK,PDB_RELEASE_DATE,SMILES RMSD POI,SMILES RMSD E3 LIGASE,CCD RMSD POI,CCD RMSD E3 LIGASE
5HXB,5HXB,2016-06-29,0.751,0.719,0.748,0.721
5T35,5T35,2017-03-08,0.294,0.551,0.294,0.56
6BN7,6BN7,2018-05-30,0.397,0.605,0.419,0.583
6BOY,6BOY,2018-05-30,0.332,0.619,0.331,0.561
6HM0,6HM0,2019-01-16,N/A,0.334,N/A,0.426
6HAY,6HAY,2019-06-12,0.205,0.327,0.22,0.297
6HAX,6HAX,2019-06-12,0.294,0.364,0.294,0.362
6HR2,6HR2,2019-06-12,0.301,0.518,0.291,0.54
6SIS,6SIS,2019-12-04,0.35,0.397,0.321,0.441
6UUO,6UUO,2020-06-03,0.723,N/A,0.792,N/A
6ZHC,6ZHC,2020-08-05,0.235,0.338,0.242,0.335
6W7O,6W7O,2020-11-18,0.331,0.279,0.307,0.281
6W8I,6W8I,2020-11-18,0.583,0.354,0.566,0.349
6XK9,6XK9,2020-12-02,0.715,0.622,0.664,0.66
7KHH,7KHH,2021-02-24,0.29,0.474,0.284,0.313
7KHL,7KHL,2021-02-24,0.299,N/A,0.333,N/A
7MEU,7MEU,2021-04-28,0.437,N/A,0.42,N/A
7LPS,7LPS,2021-06-02,0.342,0.49,0.351,0.49
7PI4,7PI4,2021-09-29,0.391,0.377,0.344,0.402
7JTO,7JTO,2021-10-06,0.242,0.324,0.242,0.318
7JTP,7JTP,2021-10-06,0.254,0.457,0.216,0.46
7Q2J,7Q2J,2021-11-24,0.335,0.474,0.339,0.418
7Z6L,7Z6L,2022-09-07,0.211,0.232,0.218,0.271
7ZNT,7ZNT,2022-09-14,0.267,0.452,0.259,0.488
7S4E,7S4E,2022-10-05,0.286,0.492,0.291,0.486
8BB5,8BB5,2022-11-09,0.263,0.469,0.253,0.468
8BB2,8BB2,2022-11-09,0.234,0.298,0.241,0.327
8BB3,8BB3,2022-11-09,0.233,0.362,0.244,0.288
8BB4,8BB4,2022-11-09,0.321,0.496,0.33,0.427
8C13,8C13,2022-12-28,N/A,0.49,N/A,0.404
8BDT,8BDT,2023-02-15,0.336,0.401,0.348,0.393
8BEB,8BEB,2023-02-15,0.36,0.359,0.541,0.541
8BDS,8BDS,2023-02-15,0.28,0.297,0.256,0.313
8BDX,8BDX,2023-02-15,0.34,0.388,0.331,0.345
8DSO,8DSO,2023-03-08,0.644,0.33,0.573,0.315
8PDF,8PDF,2023-11-15,0.274,N/A,0.281,N/A
8QVU,8QVU,2023-12-06,0.549,0.426,0.594,0.491
8QW6,8QW6,2023-12-06,1.053,0.443,0.972,0.418
8QW7,8QW7,2023-12-06,0.589,0.481,0.615,0.498
8OKC,8OKC,2024-01-17,0.585,N/A,0.537,N/A
8OKB,8OKB,2024-01-17,0.468,N/A,0.435,N/A
8RWZ,8RWZ,2024-03-06,1.324,2.064,1.314,2.051
8FY1,8FY1,2024-04-10,0.297,0.285,0.298,0.309
8FY0,8FY0,2024-04-10,0.335,0.352,0.351,0.356
9B9W,9B9W,2024-11-06,0.188,0.564,0.219,0.583
9DLW,9DLW,2024-11-06,0.227,0.62,0.232,0.648