PDB_ID,PDB_LINK,PDB_RELEASE_DATE,PBD_RESOLUTION (Ã…),PDB_R-VALUE FREE,PDB_R-VALUE WORK,PDB_R-VALUE OBSERVED,SMILES RMSD,SMILES DOCKQ SCORE,SMILES DOCKQ iRMSD,SMILES DOCKQ LRMSD,SMILES FRACTION DISORDERED,SMILES HAS_CLASH,SMILES IPTM,SMILES PTM,SMILES RANKING_SCORE,CCD RMSD,CCD DOCKQ SCORE,CCD DOCKQ iRMSD ,CCD DOCKQ LRMSD,CCD FRACTION DISORDERED,CCD HAS_CLASH,CCD IPTM,CCD PTM,CCD RANKING_SCORE
5HXB,5HXB,2016-06-29,3.6,0.273,0.224,0.226,0.683,0.874,0.785,1.411,0.03,0,0.86,0.84,0.87,0.674,0.867,0.783,1.286,0.03,0,0.87,0.84,0.88
5T35,5T35,2017-03-08,2.7,0.2307,0.2055,0.2067,2.35,0.578,1.736,5.485,0.1,0,0.75,0.82,0.81,2,0.629,1.471,4.559,0.09,0,0.72,0.79,0.78
6BN7,6BN7,2018-05-30,3.501,0.2555,0.2123,0.2143,0.601,0.226,4.539,12.923,0.06,0,0.85,0.85,0.88,0.716,0.674,1.134,3.446,0.06,0,0.85,86,0.88
6BOY,6BOY,2018-05-30,3.33,0.2344,0.1994,0.2014,0.765,0.092,6.875,18.065,0.16,0,0.6,0.66,0.69,0.643,0.426,2.259,7.594,0.12,0,0.64,0.7,0.72
6HM0,6HM0,2019-01-16,2.4,0.2507,0.2158,0.2177,0.317,N/A,N/A,N/A,0.09,0,0.87,0.88,0.92,0.397,N/A,N/A,N/A,0.08,0,0.88,0.88,0.92
6HAY,6HAY,2019-06-12,2.24,0.223,0.192,0.193,3.356,0.352,2.425,9.488,0.07,0,0.87,0.88,0.91,1.141,0.704,1.194,4.562,0.07,0,0.9,0.91,0.94
6HAX,6HAX,2019-06-12,2.35,0.268,0.232,0.234,1.308,0.711,0.982,4.674,0.07,0,0.88,0.89,0.92,1.082,0.76,0.829,3.601,0.07,0,0.9,0.9,0.94
6HR2,6HR2,2019-06-12,1.76,0.236,0.216,0.216,0.665,0.85,0.655,2.276,0,0,0.9,0.92,0.9,0.739,0.873,0.638,2.192,0,0,0.91,0.93,0.92
6SIS,6SIS,2019-12-04,3.5,0.2468,0.2195,0.2208,0.609,0.891,0.632,1.794,0.1,0,0.62,0.71,0.68,0.78,0.873,0.572,2.052,0.1,0,0.85,0.87,0.9
6UUO,6UUO,2020-06-03,3.288,0.2881,0.2632,0.2645,0.659,N/A,N/A,N/A,0.05,0,0.95,0.9,0.96,0.723,N/A,N/A,N/A,0.05,0,0.95,0.89,0.96
6ZHC,6ZHC,2020-08-05,1.92,0.1957,0.1694,N/A,0.648,0.906,0.338,2.077,0.18,0,0.91,0.81,0.98,0.59,0.912,0.404,2.505,0.18,0,0.92,0.83,0.99
6W7O,6W7O,2020-11-18,2.17,0.24,0.196,0.198,0.321,0.233,4.654,7.874,0.06,0,0.65,0.71,0.69,0.641,0.815,1.03,2.289,0.06,0,0.87,0.9,0.9
6W8I,6W8I,2020-11-18,3.8,0.251,0.211,0.213,2.495,0.02,10.763,40.73,0.05,0,0.83,0.88,0.87,3.933,0.02,10.795,41.289,0.06,0,0.88,0.9,0.92
6XK9,6XK9,2020-12-02,3.64,0.2455,0.2079,0.2097,1.094,0.876,0.668,3.507,0.02,0,0.84,0.84,0.85,0.83,0.716,0.682,10.78,0.01,0,0.86,0.83,0.86
7KHH,7KHH,2021-02-24,2.281,0.2288,0.1778,0.1801,1.129,0.788,0.795,3.63,0.16,0,0.61,0.68,0.7,0.66,0.911,0.483,2.61,0.16,0,0.86,0.86,0.94
7KHL,7KHL,2021-02-24,1.286,0.225,0.1928,0.1943,0.271,N/A,N/A,N/A,0.19,0,0.95,0.85,1.02,0.293,N/A,N/A,N/A,0.19,0,0.95,0.85,1.03
7MEU,7MEU,2021-04-28,1.91,0.2187,0.161,0.1656,0.339,N/A,N/A,N/A,0.04,0,0.76,0.91,0.81,0.339,N/A,N/A,N/A,0.04,0,0.69,0.89,0.75
7LPS,7LPS,2021-06-02,3.78,0.3031,0.2887,0.2895,0.418,0.885,0.553,4.583,0.06,0,0.91,0.85,0.93,0.411,0.84,0.752,5.304,0.05,0,0.92,0.85,0.93
7PI4,7PI4,2021-09-29,2.24,0.2512,0.1953,N/A,0.418,0.885,0.553,4.583,0.06,0,0.91,0.85,0.93,0.411,0.84,0.752,5.304,0.05,0,0.92,0.85,0.93
7JTO,7JTO,2021-10-06,1.7,0.2253,0.1996,0.2009,4.849,0.013,11.367,56.84,0.02,0,0.68,0.72,0.7,4.391,0.286,2.337,17.51,0.02,0,0.77,0.8,0.79
7JTP,7JTP,2021-10-06,2.12,0.2238,0.1908,0.1924,3.372,0.226,2.919,15.544,0.2,0,0.8,0.85,0.82,1.726,0.409,1.678,8.475,0.02,0,0.9,0.92,0.92
7Q2J,7Q2J,2021-11-24,2.5,0.2932,0.2434,0.2459,2.395,0.098,8.221,33.407,0.09,0,0.75,0.78,0.8,1.732,0.466,1.414,9.054,0.09,0,0.73,0.76,0.78
7Z6L,7Z6L,2022-09-07,2.24,0.232,0.189,0.191,4.739,0.058,11.127,19.776,0.07,0,0.66,0.78,0.71,5.962,0.059,10.809,19.553,0.06,0,0.78,0.83,0.82
7ZNT,7ZNT,2022-09-14,3,0.2547,0.2126,0.215,4.833,0.269,4.035,11.016,0.09,0,0.61,0.68,0.67,7.315,0.169,5.545,17.67,0.09,0,0.72,0.78,0.78
7S4E,7S4E,2022-10-05,2.25,0.2587,0.219,0.221,1.13,0.751,0.865,4.218,0.07,0,0.87,0.89,0.91,0.898,0.813,0.71,3.242,0.07,0,0.89,0.9,0.93
8BB5,8BB5,2022-11-09,2.2,0.2479,0.1999,0.2022,3.149,0.033,6.934,35.066,0.06,0,0.7,0.73,0.74,5.775,0.219,2.786,25.558,0.06,0,0.77,0.81,0.81
8BB2,8BB2,2022-11-09,2.05,0.2373,0.1992,0.2011,0.366,0.089,5.395,17.224,0.06,0,0.67,0.7,0.71,1.575,0.288,3.682,15.962,0.06,0,0.78,0.81,0.81
8BB3,8BB3,2022-11-09,1.8,0.2266,0.1927,0.1943,8.87,0.051,4.865,32.315,0.06,0,0.67,0.7,0.71,3.976,0.453,2.901,20.278,0.06,0,0.78,0.81,0.81
8BB4,8BB4,2022-11-09,2.8,0.279,0.2027,0.2062,1.622,0.096,8.221,35.437,0.06,0,0.71,0.75,0.75,0.386,0.275,5.344,20.141,0.06,0,0.73,0.78,0.77
8C13,8C13,2022-12-28,2.3,0.2612,0.2226,N/A,0.481,N/A,N/A,N/A,0.06,0,0.87,0.9,0.91,0.386,N/A,N/A,N/A,0.05,0,0.86,0.9,0.89
8BDT,8BDT,2023-02-15,2.7,0.2426,0.1878,0.1905,16.143,0.019,12.357,40.359,0.09,0,0.64,0.72,0.7,14.997,0.017,13.024,43.027,0.09,0,0.66,0.72,0.72
8BEB,8BEB,2023-02-15,3.18,0.2739,0.2179,0.2207,1.946,0.622,1.226,6.671,0.04,0,0.91,0.91,0.93,1.913,0.629,1.201,6.492,0.04,0,0.91,0.91,0.93
8BDS,8BDS,2023-02-15,1.72,0.1973,0.1677,0.1692,ERROR!!! No canonical isomeric works,,,,,,,,,1.259,0.784,0.823,4.474,0.04,0,0.91,0.91,0.93
8BDX,8BDX,2023-02-15,2.93,0.2578,0.1848,0.1891,ERROR!!! No canonical isomeric works,,,,,,,,,16.262,0.018,12.734,41.709,0.09,0,0.84,0.87,0.9
8DSO,8DSO,2023-03-08,2.334,0.2918,0.2423,0.2446,12.937,0.016,14.915,43.556,0.05,0,0.74,0.76,0.77,0.627,0.164,7.536,16.043,0.02,0,0.82,0.85,0.83
8PDF,8PDF,2023-11-15,1.2,0.1756,0.1516,N/A,0.229,N/A,N/A,N/A,0,0,0.89,0.89,0.89,0.224,N/A,N/A,N/A,0,0,0.89,0.89,0.89
8QVU,8QVU,2023-12-06,2.24,0.2866,0.2482,0.2502,0.377,0.015,11.671,49.722,0.19,0,0.44,0.54,0.56,0.459,0.014,11.387,51.63,0.19,0,0.57,0.63,0.67
8QW6,8QW6,2023-12-06,2.2,0.2949,0.255,0.257,12.704,0.009,15.312,64.742,0.03,0,0.56,0.64,0.59,12.651,0.007,15.583,74.089,0.03,0,0.52,0.6,0.55
8QW7,8QW7,2023-12-06,2.36,0.2726,0.2459,0.2476,9.414,0.015,11.582,49.571,0.03,0,0.67,0.75,0.71,9.757,0.015,11.305,49.127,0.03,0,0.66,0.72,0.69
8OKC,8OKC,2024-01-17,2,0.24863,0.21525,0.21693,0.545,N/A,N/A,N/A,0,0,0.88,0.93,0.89,0.506,N/A,N/A,N/A,0,0,0.82,0.92,0.84
8OKB,8OKB,2024-01-17,2.31,0.2672,0.2147,0.2173,0.415,N/A,N/A,N/A,0,0,0.97,0.95,0.96,0.387,N/A,N/A,N/A,0,0,0.94,0.95,0.94
8RWZ,8RWZ,2024-03-06,4,N/A,N/A,N/A,4.025,0.568,2.378,9.981,0.03,0,0.82,0.86,0.85,3.731,0.579,2.239,9.872,0.03,0,0.81,0.85,0.84
8FY1,8FY1,2024-04-10,2.56,0.25,0.2122,0.2156,10.706,0.066,7.001,39.6,0.23,0,0.48,0.59,0.62,13.894,0.05,11.625,56.727,0.23,0,0.75,0.75,0.86
8FY0,8FY0,2024-04-10,2.94,0.2407,0.195,0.1993,17.294,0.021,10.718,40.438,0.26,0,0.57,0.62,0.71,4.396,0.322,2.353,14.776,0.26,0,0.73,0.72,0.86
9B9W,9B9W,2024-11-06,1.92,0.183,0.1719,0.1725,9.68,0.007,14.839,78.877,0.08,0,0.47,0.57,0.53,18.369,0.138,14.043,31,0.08,0,0.4,0.51,0.46
9DLW,9DLW,2024-11-06,2.07,0.2422,0.1997,0.2018,13.105,0.029,15.409,29.203,0.08,0,0.33,0.57,0.42,20.166,0.026,14.923,31.432,0.08,0,0.53,0.59,0.58